Time	NRB
2023-01-19 11:00:00	15.807496890441696
2023-01-19 12:00:00	18.02470629280886
2023-01-19 13:00:00	18.535121807859635
2023-01-19 14:00:00	18.15824799570224
2023-01-19 15:00:00	17.885658222440245
2023-01-19 16:00:00	18.393919192003366
2023-01-19 17:00:00	18.624898403172878
2023-01-19 18:00:00	19.454179925866995
2023-01-19 19:00:00	19.806531639451503
2023-01-19 20:00:00	19.78304013093275
2023-01-19 21:00:00	19.54080398531562
2023-01-19 22:00:00	18.498091674087934
2023-01-19 23:00:00	18.2283463403716
2023-01-19 23:00:00	17.602414519526818
2023-01-20 00:00:00	18.030089049653697
2023-01-20 01:00:00	17.714249920764175
2023-01-20 02:00:00	21.688516557417213
2023-01-20 03:00:00	19.93785525893642
2023-01-20 04:00:00	20.51748922296756
2023-01-20 05:00:00	21.38194041861469
2023-01-20 06:00:00	20.68572028568762
2023-01-20 07:00:00	21.236219717851334
2023-01-20 08:00:00	20.976528444171237
2023-01-20 09:00:00	20.724445190119937
2023-01-20 10:00:00	20.561554726423438
2023-01-20 11:00:00	20.35647276110085
2023-01-20 12:00:00	20.330626030550974
2023-01-20 13:00:00	21.037915098734256
2023-01-20 14:00:00	26.036456999429447
2023-01-20 15:00:00	26.022171253397897
2023-01-20 16:00:00	20.857206507635937
2023-01-20 17:00:00	22.580305431806174
2023-01-20 18:00:00	25.981367891640662
2023-01-20 19:00:00	25.793849315365296
2023-01-20 20:00:00	18.534819864589416
2023-01-20 21:00:00	18.780170082624657
2023-01-20 22:00:00	17.99440363287476
2023-01-20 23:00:00	19.521032829029878
2023-01-21 00:00:00	19.655172413793103
2023-01-21 00:00:00	20.922414672993913
2023-01-21 01:00:00	20.258783849849557
2023-01-21 02:00:00	20.027340711819058
2023-01-21 03:00:00	20.04087898498229
2023-01-21 04:00:00	19.797356178416983
2023-01-21 05:00:00	19.592157368189476
2023-01-21 06:00:00	19.4102616239099
2023-01-21 07:00:00	21.801746546822823
2023-01-21 08:00:00	25.865717172205386
2023-01-21 09:00:00	25.65218545886664
2023-01-21 10:00:00	24.918824062088543
2023-01-21 11:00:00	21.870258148709258
2023-01-21 12:00:00	19.508989545876894
2023-01-21 13:00:00	20.609314344904483
2023-01-21 14:00:00	20.85382398300452
2023-01-21 15:00:00	20.90073519097271
2023-01-21 16:00:00	20.933725590740266
2023-01-21 17:00:00	20.74771584348514
2023-01-21 18:00:00	20.942653604135756
2023-01-21 19:00:00	20.568615528375428
2023-01-21 20:00:00	20.11217533477629
2023-01-21 21:00:00	19.897881564970824
2023-01-21 22:00:00	19.348925949218003
2023-01-21 23:00:00	18.93172248774588
2023-01-22 00:00:00	19.701181532138957
2023-01-22 00:00:00	19.27389902125883
2023-01-22 01:00:00	19.465652226449055
2023-01-22 02:00:00	19.933931682525856
2023-01-22 03:00:00	19.635793184195066
2023-01-22 04:00:00	18.410789955041853
2023-01-22 05:00:00	20.294548413118164
2023-01-22 06:00:00	20.76416021484349
2023-01-22 07:00:00	20.694839774367733
2023-01-22 08:00:00	21.257174341121168
2023-01-22 09:00:00	19.953691039150936
2023-01-22 10:00:00	19.6652383392847
2023-01-22 11:00:00	19.74005032199857
2023-01-22 12:00:00	20.10266732147857
2023-01-22 13:00:00	19.641249550349094
2023-01-22 14:00:00	19.57732187856943
2023-01-22 15:00:00	20.267141034928734
2023-01-22 16:00:00	19.892503811094173
2023-01-22 17:00:00	20.011694114692823
2023-01-22 18:00:00	19.347726787880944
2023-01-22 19:00:00	19.671942569144136
2023-01-22 20:00:00	19.04103927344747
2023-01-22 21:00:00	19.63634457078651
2023-01-22 22:00:00	21.02348183355801
2023-01-22 23:00:00	20.492830031866525
2023-01-23 00:00:00	22.68228772990678
2023-01-23 00:00:00	21.022571656639624
2023-01-23 01:00:00	20.867157016202977
2023-01-23 02:00:00	20.965762939452787
2023-01-23 03:00:00	20.915253987760053
2023-01-23 04:00:00	20.361232183070246
2023-01-23 05:00:00	19.934221125683887
2023-01-23 06:00:00	18.803275264130843
2023-01-23 07:00:00	19.49297933480833
2023-01-23 08:00:00	19.44913646193141
2023-01-23 09:00:00	22.501369853881325
2023-01-23 10:00:00	26.10016799897334
2023-01-23 11:00:00	26.315517794057925
2023-01-23 12:00:00	26.273603050203583
2023-01-23 13:00:00	26.237634658899307
2023-01-23 14:00:00	26.192894098980506
2023-01-23 15:00:00	26.235481894277314
2023-01-23 16:00:00	26.203389312620867
2023-01-23 17:00:00	26.024902070042906
2023-01-23 18:00:00	26.393199263782275
2023-01-23 19:00:00	26.374404100863828
2023-01-23 20:00:00	26.30197398793674
2023-01-23 21:00:00	26.283721599479115
2023-01-23 22:00:00	26.30089835537162
2023-01-23 23:00:00	26.239553813837805
2023-01-24 00:00:00	26.205952817767802
2023-01-24 00:00:00	26.179542558008038
2023-01-24 01:00:00	26.135505560799352
2023-01-24 02:00:00	26.269288076572867
2023-01-24 03:00:00	26.29730734978842
2023-01-24 04:00:00	26.307104789915172
2023-01-24 05:00:00	26.266603370757178
2023-01-24 06:00:00	21.196089351800282
2023-01-24 07:00:00	18.877341066634443
2023-01-24 08:00:00	19.34029774875938
2023-01-24 09:00:00	20.177071157461523
2023-01-24 10:00:00	20.949039685090376
2023-01-24 11:00:00	21.339097565372608
2023-01-24 12:00:00	20.902224906160164
2023-01-24 13:00:00	20.331662970386798
2023-01-24 14:00:00	20.08465656819303
2023-01-24 15:00:00	19.164705980391748
2023-01-24 16:00:00	17.82556040059844
2023-01-24 17:00:00	18.01453827679559
2023-01-24 18:00:00	18.137152484086872
2023-01-24 19:00:00	19.226146002169436
2023-01-24 20:00:00	19.309581210078292
2023-01-24 21:00:00	18.850627289052962
2023-01-24 22:00:00	19.21819020198527
2023-01-24 23:00:00	19.16636150837773
2023-01-24 23:00:00	18.3528241179862
2023-01-25 00:00:00	18.414795886904884
2023-01-25 01:00:00	18.335443324541703
2023-01-25 02:00:00	18.75949350211041
2023-01-25 03:00:00	18.932108616214098
2023-01-25 04:00:00	22.729877739500193
2023-01-25 05:00:00	26.142017187672742
2023-01-25 06:00:00	26.097864957491925
2023-01-25 07:00:00	26.07088623347302
2023-01-25 08:00:00	25.794530643015694
2023-01-25 09:00:00	25.75663787610187
2023-01-25 10:00:00	25.949046422494085
2023-01-25 11:00:00	26.06394405367523
2023-01-25 12:00:00	25.916941317842312
2023-01-25 13:00:00	25.930348481203726
2023-01-25 14:00:00	25.667152774942146
2023-01-25 15:00:00	25.7167678419743
2023-01-25 16:00:00	25.501485408001788
2023-01-25 17:00:00	25.181037555058708
2023-01-25 18:00:00	25.51326339485242
2023-01-25 19:00:00	25.587660575407593
2023-01-25 20:00:00	25.692932902335848
2023-01-25 21:00:00	25.517996001135547
2023-01-25 22:00:00	24.99833500924995
2023-01-25 23:00:00	25.66514088621745
2023-01-25 23:00:00	25.427680126682503
2023-01-26 00:00:00	25.53017079622591
2023-01-26 01:00:00	25.500814300805466
2023-01-26 02:00:00	25.440043821966594
2023-01-26 03:00:00	25.3563126437318
2023-01-26 04:00:00	25.463038003656646
2023-01-26 05:00:00	25.349943791994548
2023-01-26 06:00:00	25.167876798496454
2023-01-26 07:00:00	25.05439553113594
2023-01-26 08:00:00	25.00098082761184
2023-01-26 09:00:00	25.082735350710454
2023-01-26 10:00:00	24.926022077655123
2023-01-26 11:00:00	24.658138383081653
2023-01-26 12:00:00	24.615156304687197
2023-01-26 13:00:00	24.639796445575303
2023-01-26 14:00:00	24.487515489492978
2023-01-26 15:00:00	24.792523652646373
2023-01-26 16:00:00	25.091626965509366
2023-01-26 17:00:00	24.9881125660413
2023-01-26 18:00:00	24.941534229939215
2023-01-26 19:00:00	24.973422377258355
2023-01-26 20:00:00	24.83124371531269
2023-01-26 21:00:00	24.66180965661302
2023-01-26 22:00:00	24.848919492414073
2023-01-26 23:00:00	24.830093166149076
2023-01-27 00:00:00	24.050043354391182
2023-01-27 00:00:00	24.698134851985653
2023-01-27 01:00:00	24.717740179221227
2023-01-27 02:00:00	25.02556179533397
2023-01-27 03:00:00	24.933768145732525
2023-01-27 04:00:00	24.858944711711406
2023-01-27 05:00:00	24.928573452369708
2023-01-27 06:00:00	24.87793237872779
2023-01-27 07:00:00	25.172210384328313
2023-01-27 08:00:00	25.721208570727782
2023-01-27 09:00:00	25.62448090595002
2023-01-27 10:00:00	25.81192470821698
2023-01-27 11:00:00	25.963264113385975
2023-01-27 12:00:00	25.84786981857333
2023-01-27 13:00:00	26.102273570070842
2023-01-27 14:00:00	22.90484022445437
2023-01-27 15:00:00	18.872378865088063
2023-01-27 16:00:00	18.563851140578898
2023-01-27 17:00:00	18.84100094027386
2023-01-27 18:00:00	19.86373310563064
2023-01-27 19:00:00	19.76047877578288
2023-01-27 20:00:00	20.867642569465644
2023-01-27 21:00:00	21.74941236404929
2023-01-27 22:00:00	19.246150085485755
2023-01-27 23:00:00	19.269694431828757
2023-01-28 00:00:00	20.011281624236656
2023-01-28 00:00:00	18.513906015333085
2023-01-28 01:00:00	17.914473388159045
2023-01-28 02:00:00	18.295551350633637
2023-01-28 03:00:00	18.188640602886377
2023-01-28 04:00:00	19.61576132321671
2023-01-28 05:00:00	20.700398637006437
2023-01-28 06:00:00	20.25922218123475
2023-01-28 07:00:00	21.07491492401286
2023-01-28 08:00:00	20.12402389322714
2023-01-28 09:00:00	20.89346828084423
2023-01-28 10:00:00	20.290771207683523
2023-01-28 11:00:00	20.096973457895743
2023-01-28 12:00:00	20.005241921147018
2023-01-28 13:00:00	19.77725676143016
2023-01-28 14:00:00	25.707058734641066
2023-01-28 15:00:00	25.976100146054662
2023-01-28 16:00:00	25.933600109554916
2023-01-28 17:00:00	26.05686215250907
2023-01-28 18:00:00	25.611060046594172
2023-01-28 19:00:00	25.50474122234287
2023-01-28 20:00:00	25.650657412649146
2023-01-28 21:00:00	25.688459872872965
2023-01-28 22:00:00	25.234223911471627
2023-01-28 23:00:00	25.165463479240817
2023-01-29 00:00:00	25.177053015259908
2023-01-29 00:00:00	25.37225567163534
2023-01-29 01:00:00	25.198712729731298
2023-01-29 02:00:00	25.16572431105263
2023-01-29 03:00:00	24.46506241631991
2023-01-29 04:00:00	24.997586680744362
2023-01-29 05:00:00	25.05613717253316
2023-01-29 06:00:00	24.687334514808253
2023-01-29 07:00:00	24.312886039522002
2023-01-29 08:00:00	24.877447347514735
2023-01-29 09:00:00	23.661388270065167
2023-01-29 10:00:00	23.67417227520188
2023-01-29 11:00:00	24.653367022025705
2023-01-29 12:00:00	20.812688610272843
2023-01-29 13:00:00	19.80934501402216
2023-01-29 14:00:00	21.088406249192712
2023-01-29 15:00:00	20.600788718716807
2023-01-29 16:00:00	19.952209101292883
2023-01-29 17:00:00	20.71869902800432
2023-01-29 18:00:00	20.20145349313628
2023-01-29 19:00:00	20.106033139852713
2023-01-29 20:00:00	19.948380229421204
2023-01-29 21:00:00	19.853243667040275
2023-01-29 22:00:00	19.71268211030173
2023-01-29 23:00:00	19.77237594843355
2023-01-30 00:00:00	26.68018018018018
2023-01-30 00:00:00	24.020732060579338
2023-01-30 01:00:00	25.113592392933263
2023-01-30 02:00:00	24.264718807117738
2023-01-30 03:00:00	25.42247947998081
2023-01-30 04:00:00	24.83812427760838
2023-01-30 05:00:00	20.933334740734484
2023-01-30 06:00:00	20.461175877780576
2023-01-30 07:00:00	19.800727774745383
2023-01-30 08:00:00	20.03493456695748
2023-01-30 09:00:00	19.870070855240645
2023-01-30 10:00:00	19.95897934898067
2023-01-30 11:00:00	19.675371630395983
2023-01-30 12:00:00	22.199339003304985
2023-01-30 13:00:00	25.6637148328538
2023-01-30 14:00:00	24.54800195554469
2023-01-30 15:00:00	24.787613679924
2023-01-30 16:00:00	23.81464352975817
2023-01-30 17:00:00	24.60041888656174
2023-01-30 18:00:00	24.444063088538396
2023-01-30 19:00:00	24.829477105827994
2023-01-30 20:00:00	24.477690679496224
2023-01-30 21:00:00	23.334415735028067
2023-01-30 22:00:00	24.199531113716034
2023-01-30 23:00:00	25.160474664029643
2023-01-31 00:00:00	24.250970418953287
2023-01-31 00:00:00	24.98853581748129
2023-01-31 01:00:00	25.245817177177578
2023-01-31 02:00:00	24.974156817418564
2023-01-31 03:00:00	25.309527361090392
2023-01-31 04:00:00	25.62103971060169
2023-01-31 05:00:00	25.633270194812752
2023-01-31 06:00:00	24.388547841400882
2023-01-31 07:00:00	20.64243186696948
2023-01-31 08:00:00	20.26096300683108
2023-01-31 09:00:00	20.333113241718927
2023-01-31 10:00:00	20.062395833796295
2023-01-31 11:00:00	20.37241084484069
2023-01-31 12:00:00	19.524108781738747
2023-01-31 13:00:00	19.55076576069822
2023-01-31 14:00:00	19.386517556176848
2023-01-31 15:00:00	18.86474389690043
2023-01-31 16:00:00	18.767750967704302
2023-01-31 17:00:00	18.44055106452364
2023-01-31 18:00:00	18.952109088434355
2023-01-31 19:00:00	19.96120461686837
2023-01-31 20:00:00	20.032434578068543
2023-01-31 21:00:00	20.240991706703525
2023-01-31 22:00:00	19.7472752898876
2023-01-31 23:00:00	20.735932635873663
2023-02-01 00:00:00	20.71657512273368
2023-02-01 00:00:00	21.39336803281514
2023-02-01 01:00:00	21.10226979483708
2023-02-01 02:00:00	21.14509098151481
2023-02-01 03:00:00	20.704817423033674
2023-02-01 04:00:00	20.893407170021696
2023-02-01 05:00:00	20.500697913370963
2023-02-01 06:00:00	20.235826174105892
2023-02-01 07:00:00	19.730771677340233
2023-02-01 08:00:00	19.688583606295083
2023-02-01 09:00:00	19.00017833259028
2023-02-01 10:00:00	18.359445268823954
2023-02-01 11:00:00	17.98831615654828
2023-02-01 12:00:00	18.535180696519514
2023-02-01 13:00:00	21.678581607091964
2023-02-01 14:00:00	26.13630472258225
2023-02-01 15:00:00	19.819846911791505
2023-02-01 16:00:00	19.467218886587972
2023-02-01 17:00:00	19.982937298056452
2023-02-01 18:00:00	20.33861766169928
2023-02-01 19:00:00	20.043155641530483
2023-02-01 20:00:00	20.531204583535185
2023-02-01 21:00:00	21.2010515505899
2023-02-01 22:00:00	20.95544659927995
2023-02-01 23:00:00	20.537788849330433
2023-02-02 00:00:00	20.420558577145975
2023-02-02 00:00:00	20.512086122241364
2023-02-02 01:00:00	19.820625519442135
2023-02-02 02:00:00	19.892936309171958
2023-02-02 03:00:00	19.566628750157985
2023-02-02 04:00:00	19.784217070146354
2023-02-02 05:00:00	19.702491600037334
2023-02-02 06:00:00	19.878620261687725
2023-02-02 07:00:00	19.459733917775342
2023-02-02 08:00:00	21.496961264349586
2023-02-02 09:00:00	20.14342269589913
2023-02-02 10:00:00	19.633712183501405
2023-02-02 11:00:00	20.381486637837167
2023-02-02 12:00:00	22.459656312829548
2023-02-02 13:00:00	20.97432123237196
2023-02-02 14:00:00	21.535022751281453
2023-02-02 15:00:00	20.841999635001724
2023-02-02 16:00:00	21.91353874162261
2023-02-02 17:00:00	21.953572176583563
2023-02-02 18:00:00	21.159462580315594
2023-02-02 19:00:00	20.67601152994555
2023-02-02 20:00:00	20.15776346549571
2023-02-02 21:00:00	19.631802923043377
2023-02-02 22:00:00	18.92894224051844
2023-02-02 23:00:00	17.539938883554033
2023-02-03 00:00:00	18.28850187077398
2023-02-03 00:00:00	16.810616109085608
2023-02-03 01:00:00	16.531085582190954
2023-02-03 02:00:00	17.135119789845202
2023-02-03 03:00:00	18.273399492335308
2023-02-03 04:00:00	19.376640097332928
2023-02-03 05:00:00	19.241026773499556
2023-02-03 06:00:00	19.597300956440193
2023-02-03 07:00:00	19.492835724295592
2023-02-03 08:00:00	19.85523203230208
2023-02-03 09:00:00	21.006966078215743
2023-02-03 10:00:00	20.652666265927706
2023-02-03 11:00:00	21.650540913962097
2023-02-03 12:00:00	21.125352220656797
2023-02-03 13:00:00	20.849275433977116
2023-02-03 14:00:00	20.93519225048104
2023-02-03 15:00:00	20.74963889049382
2023-02-03 16:00:00	20.074768556584193
2023-02-03 17:00:00	19.549457002413323
2023-02-03 18:00:00	19.309469821653522
2023-02-03 19:00:00	18.379524912958672
2023-02-03 20:00:00	17.517556598391007
2023-02-03 21:00:00	16.426732744224186
2023-02-03 22:00:00	15.725858136028435
2023-02-03 23:00:00	17.416275719004346
2023-02-04 00:00:00	17.72725056081147
2023-02-04 00:00:00	18.838397719810857
2023-02-04 01:00:00	18.776921485049368
2023-02-04 02:00:00	18.834325922065858
2023-02-04 03:00:00	19.94480857862854
2023-02-04 04:00:00	20.444616357260635
2023-02-04 05:00:00	21.27284537823016
2023-02-04 06:00:00	20.729081834891335
2023-02-04 07:00:00	20.76658853738428
2023-02-04 08:00:00	21.03933175871114
2023-02-04 09:00:00	20.99815695314772
2023-02-04 10:00:00	20.719673190341375
2023-02-04 11:00:00	20.486566726370103
2023-02-04 12:00:00	23.129159873878443
2023-02-04 13:00:00	26.05111024321518
2023-02-04 14:00:00	26.088101961599122
2023-02-04 15:00:00	26.215328961878566
2023-02-04 16:00:00	26.137658880973504
2023-02-04 17:00:00	26.120071210675935
2023-02-04 18:00:00	26.10001716656176
2023-02-04 19:00:00	26.0680359731135
2023-02-04 20:00:00	26.00612413094257
2023-02-04 21:00:00	25.807055067996806
2023-02-04 22:00:00	25.9942778127467
2023-02-04 23:00:00	25.71505471773637
2023-02-05 00:00:00	25.626399674078097
2023-02-05 00:00:00	25.637062307119596
2023-02-05 01:00:00	25.80991921716034
2023-02-05 02:00:00	25.821814422245197
2023-02-05 03:00:00	25.580858000550553
2023-02-05 04:00:00	25.540474069456817
2023-02-05 05:00:00	25.763087558909362
2023-02-05 06:00:00	25.718412198151068
2023-02-05 07:00:00	25.751031243697955
2023-02-05 08:00:00	25.750111179907005
2023-02-05 09:00:00	25.640832472690445
2023-02-05 10:00:00	25.203357702635625
2023-02-05 11:00:00	25.48559244515518
2023-02-05 12:00:00	25.43254164350708
2023-02-05 13:00:00	25.24598912061902
2023-02-05 14:00:00	23.788779170332155
2023-02-05 15:00:00	24.920871017141287
2023-02-05 16:00:00	25.08229174218706
2023-02-05 17:00:00	25.440454652903412
2023-02-05 18:00:00	25.488545761260838
2023-02-05 19:00:00	25.382705545328765
2023-02-05 20:00:00	25.34711186406968
2023-02-05 21:00:00	25.320042855305566
2023-02-05 22:00:00	25.326228006384405
2023-02-05 23:00:00	25.363203714645
2023-02-06 00:00:00	25.305058303643342
2023-02-06 00:00:00	25.26024577379522
2023-02-06 01:00:00	25.348308523755833
2023-02-06 02:00:00	25.314518720863017
2023-02-06 03:00:00	25.290809414722858
2023-02-06 04:00:00	25.18785584861866
2023-02-06 05:00:00	24.868174380093894
2023-02-06 06:00:00	24.926735407025518
2023-02-06 07:00:00	25.0473019462942
2023-02-06 08:00:00	25.107701316186766
2023-02-06 09:00:00	25.42084837838446
2023-02-06 10:00:00	25.164267930659292
2023-02-06 11:00:00	25.385253863796905
2023-02-06 12:00:00	25.039870611829933
2023-02-06 13:00:00	25.993138375265485
2023-02-06 14:00:00	25.110297134377827
2023-02-06 15:00:00	25.473508348979074
2023-02-06 16:00:00	25.71054982441774
2023-02-06 17:00:00	25.399136282816126
2023-02-06 18:00:00	25.491590465722282
2023-02-06 19:00:00	25.418581724939937
2023-02-06 20:00:00	25.344542434613576
2023-02-06 21:00:00	26.023334579622013
2023-02-06 22:00:00	25.917586059196307
2023-02-06 23:00:00	25.99269254465667
2023-02-07 00:00:00	26.00778187933811
2023-02-07 00:00:00	25.93528446871762
2023-02-07 01:00:00	26.127618664552607
2023-02-07 02:00:00	26.05839686535249
2023-02-07 03:00:00	26.03873531883972
2023-02-07 04:00:00	26.169096744408783
2023-02-07 05:00:00	26.150081582834773
2023-02-07 06:00:00	26.197535514376167
2023-02-07 07:00:00	26.223696966296316
2023-02-07 08:00:00	26.212259258415642
2023-02-07 09:00:00	26.40002449985028
2023-02-07 10:00:00	26.13960609129611
2023-02-07 11:00:00	26.212597867457475
2023-02-07 12:00:00	26.259768690302447
2023-02-07 13:00:00	26.29038766985313
2023-02-07 14:00:00	26.317624447850598
2023-02-07 15:00:00	26.334887675686428
2023-02-07 16:00:00	26.449133921959366
2023-02-07 17:00:00	26.35935780392453
2023-02-07 18:00:00	26.301760933683184
2023-02-07 19:00:00	26.438250377358806
2023-02-07 20:00:00	26.42493434762343
2023-02-07 21:00:00	26.452327235778004
2023-02-07 22:00:00	26.394612866254707
2023-02-07 23:00:00	26.305652021015426
2023-02-08 00:00:00	26.29618932038835
2023-02-08 00:00:00	26.332769944661464
2023-02-08 01:00:00	26.437614981904282
2023-02-08 02:00:00	26.084438951883893
2023-02-08 03:00:00	26.200211276486645
2023-02-08 04:00:00	26.247217378116023
2023-02-08 05:00:00	26.189598563564335
2023-02-08 06:00:00	26.23648272149448
2023-02-08 07:00:00	26.361206125962564
2023-02-08 08:00:00	26.216653398229234
2023-02-08 09:00:00	26.319134994175034
2023-02-08 10:00:00	26.29594902475596
2023-02-08 11:00:00	26.283397434793454
2023-02-08 12:00:00	26.180835006008298
2023-02-08 13:00:00	26.296766241984077
2023-02-08 14:00:00	26.209300665384824
2023-02-08 15:00:00	26.160522074587323
2023-02-08 16:00:00	26.157608759057585
2023-02-08 17:00:00	26.243119347603987
2023-02-08 18:00:00	26.21064899047839
2023-02-08 19:00:00	26.15176296144857
2023-02-08 20:00:00	26.1596753687407
2023-02-08 21:00:00	25.933783997371126
2023-02-08 22:00:00	26.069396520354598
2023-02-08 23:00:00	26.12831560473797
2023-02-09 00:00:00	25.896191868102996
2023-02-09 00:00:00	26.30502985713998
2023-02-09 01:00:00	26.20413764138108
2023-02-09 02:00:00	26.1658084311707
2023-02-09 03:00:00	26.098174400045334
2023-02-09 04:00:00	26.199877667414256
2023-02-09 05:00:00	25.933456221505374
2023-02-09 06:00:00	25.87432215692015
2023-02-09 07:00:00	25.919259104527693
2023-02-09 08:00:00	25.93542982110382
2023-02-09 09:00:00	25.86460499408059
2023-02-09 10:00:00	25.847262044509726
2023-02-09 11:00:00	25.743133720608853
2023-02-09 12:00:00	25.8540131143643
2023-02-09 13:00:00	25.74969257123778
2023-02-09 14:00:00	25.49322948581981
2023-02-09 15:00:00	25.505954270822308
2023-02-09 16:00:00	25.439137993917257
2023-02-09 17:00:00	25.47340362736773
2023-02-09 18:00:00	25.467797141239693
2023-02-09 19:00:00	24.943840867550737
2023-02-09 20:00:00	24.814157472970297
2023-02-09 21:00:00	24.602715262692985
2023-02-09 22:00:00	24.57491581299109
2023-02-09 23:00:00	24.335616468797397
2023-02-10 00:00:00	24.102406918266226
2023-02-10 00:00:00	24.249544186896024
2023-02-10 01:00:00	24.262538819228784
2023-02-10 02:00:00	24.226540471036405
2023-02-10 03:00:00	24.286221187660068
2023-02-10 04:00:00	24.317412592870987
2023-02-10 05:00:00	24.306507186071187
2023-02-10 06:00:00	24.56962322431542
2023-02-10 07:00:00	25.181573385266365
2023-02-10 08:00:00	24.63184093421703
2023-02-10 09:00:00	24.640356264588455
2023-02-10 10:00:00	24.533707312737153
2023-02-10 11:00:00	24.133024260976327
2023-02-10 12:00:00	25.008038010899938
2023-02-10 13:00:00	24.95323971721276
2023-02-10 14:00:00	25.01076077056217
2023-02-10 15:00:00	25.067322662840024
2023-02-10 16:00:00	24.87775762356876
2023-02-10 17:00:00	24.894447282390853
2023-02-10 18:00:00	24.923023504585114
2023-02-10 19:00:00	24.901343881422882
2023-02-10 20:00:00	24.7905384440813
2023-02-10 21:00:00	24.800243054205254
2023-02-10 22:00:00	24.85798166177364
2023-02-10 23:00:00	25.03050926647372
2023-02-11 00:00:00	25.103948612812523
2023-02-11 00:00:00	25.35425705713801
2023-02-11 01:00:00	25.410294551059565
2023-02-11 02:00:00	25.568601960933005
2023-02-11 03:00:00	25.595621803317258
2023-02-11 04:00:00	25.54919831045477
2023-02-11 05:00:00	25.405205136303373
2023-02-11 06:00:00	25.499892917291316
2023-02-11 07:00:00	25.376035028684555
2023-02-11 08:00:00	25.804787859629748
2023-02-11 09:00:00	26.00250470691568
2023-02-11 10:00:00	26.00874133789775
2023-02-11 11:00:00	25.88698624619516
2023-02-11 12:00:00	25.85631198920451
2023-02-11 13:00:00	25.717519703357286
2023-02-11 14:00:00	25.691026888169016
2023-02-11 15:00:00	25.76928384584423
2023-02-11 16:00:00	25.92176936696498
2023-02-11 17:00:00	25.974764876436865
2023-02-11 18:00:00	25.852175028978998
2023-02-11 19:00:00	25.897752569289853
2023-02-11 20:00:00	26.00660662629284
2023-02-11 21:00:00	26.122292308213673
2023-02-11 22:00:00	26.21829311043099
2023-02-11 23:00:00	26.291368018053383
2023-02-11 23:00:00	26.208041958041957
2023-02-12 00:00:00	26.176494199202114
2023-02-12 01:00:00	26.246029052044683
2023-02-12 02:00:00	26.05509688551903
2023-02-12 03:00:00	26.1997307238678
2023-02-12 04:00:00	26.197545459444413
2023-02-12 05:00:00	26.158995139474147
2023-02-12 06:00:00	26.129942575334976
2023-02-12 07:00:00	26.10459186082752
2023-02-12 08:00:00	26.16294039314204
2023-02-12 09:00:00	26.132477245972385
2023-02-12 10:00:00	26.161433735682728
2023-02-12 11:00:00	26.256303640282297
2023-02-12 12:00:00	26.26734725510011
2023-02-12 13:00:00	26.328201049882473
2023-02-12 14:00:00	26.2124962014121
2023-02-12 15:00:00	26.067316533065632
2023-02-12 16:00:00	25.343699661751973
2023-02-12 17:00:00	26.0755745381556
2023-02-12 18:00:00	26.109291554329392
2023-02-12 19:00:00	26.07036375621142
2023-02-12 20:00:00	26.133534739509926
2023-02-12 21:00:00	24.588727121314015
2023-02-12 22:00:00	25.204609362000944
2023-02-12 23:00:00	24.264259365225747
2023-02-13 00:00:00	26.242858140184307
2023-02-13 00:00:00	25.959391699965952
2023-02-13 01:00:00	26.032974242935182
2023-02-13 02:00:00	25.99437420104655
2023-02-13 03:00:00	25.931626251172908
2023-02-13 04:00:00	25.988768401970876
2023-02-13 05:00:00	26.306136184723314
2023-02-13 06:00:00	25.96117829279932
2023-02-13 07:00:00	25.921036293954952
2023-02-13 08:00:00	25.989895617304562
2023-02-13 09:00:00	25.616139012483814
2023-02-13 10:00:00	26.061892138962524
2023-02-13 11:00:00	25.84161652345458
2023-02-13 12:00:00	26.015675181985
2023-02-13 13:00:00	25.952602789649617
2023-02-13 14:00:00	25.89418311726515
2023-02-13 15:00:00	25.81256531210087
2023-02-13 16:00:00	25.662275674981988
2023-02-13 17:00:00	25.704252558526743
2023-02-13 18:00:00	25.766224761959787
2023-02-13 19:00:00	25.602500096527216
2023-02-13 20:00:00	25.588080458419547
2023-02-13 21:00:00	25.580668673691438
2023-02-13 22:00:00	25.498670424422524
2023-02-13 23:00:00	25.44607394065925
2023-02-14 00:00:00	25.38834519572954
2023-02-14 00:00:00	25.465081667332573
2023-02-14 01:00:00	25.31095790830109
2023-02-14 02:00:00	25.422896421993094
2023-02-14 03:00:00	25.27024759022239
2023-02-14 04:00:00	25.186814188028347
2023-02-14 05:00:00	25.239084994226424
2023-02-14 06:00:00	25.077403437368837
2023-02-14 07:00:00	25.048365828977108
2023-02-14 08:00:00	25.06874959896067
2023-02-14 09:00:00	25.008683838233164
2023-02-14 10:00:00	24.86276326242632
2023-02-14 11:00:00	24.93907396651297
2023-02-14 12:00:00	25.07171235945568
2023-02-14 13:00:00	24.932218450947925
2023-02-14 14:00:00	24.939230059833
2023-02-14 15:00:00	25.152003557757023
2023-02-14 16:00:00	24.870769087180324
2023-02-14 17:00:00	24.91735048212219
2023-02-14 18:00:00	24.8076344020311
2023-02-14 19:00:00	24.801974766258308
2023-02-14 20:00:00	24.876849850834162
2023-02-14 21:00:00	24.873571293056347
2023-02-14 22:00:00	24.867281885300113
2023-02-14 23:00:00	24.865924633752034
2023-02-15 00:00:00	24.335179521093384
2023-02-15 00:00:00	24.80401798116019
2023-02-15 01:00:00	24.964975759863623
2023-02-15 02:00:00	25.03963116871573
2023-02-15 03:00:00	25.021645151514395
2023-02-15 04:00:00	25.128126474817787
2023-02-15 05:00:00	25.897440904527805
2023-02-15 06:00:00	26.123742577128695
2023-02-15 07:00:00	25.836682897127545
2023-02-15 08:00:00	26.100448275038318
2023-02-15 09:00:00	25.901660600962995
2023-02-15 10:00:00	26.054610792548154
2023-02-15 11:00:00	26.109870717456726
2023-02-15 12:00:00	25.847450654468222
2023-02-15 13:00:00	25.315046495562108
2023-02-15 14:00:00	26.217348393982036
2023-02-15 15:00:00	26.19720435041786
2023-02-15 16:00:00	26.163389834839897
2023-02-15 17:00:00	25.906412212595427
2023-02-15 18:00:00	22.26923635680812
2023-02-15 19:00:00	19.327580301748743
2023-02-15 20:00:00	20.808161408171518
2023-02-15 21:00:00	20.916359283858938
2023-02-15 22:00:00	20.31869941689148
2023-02-15 23:00:00	20.25218915693708
2023-02-16 00:00:00	20.48321826508989
2023-02-16 00:00:00	19.81196075109417
2023-02-16 01:00:00	19.875646941569148
2023-02-16 02:00:00	19.813060553064208
2023-02-16 03:00:00	19.71570979565363
2023-02-16 04:00:00	19.68647444900245
2023-02-16 05:00:00	18.927972800113334
2023-02-16 06:00:00	19.180044805368865
2023-02-16 07:00:00	19.431566812916056
2023-02-16 08:00:00	18.367260238432404
2023-02-16 09:00:00	17.831417877819366
2023-02-16 10:00:00	16.590992865859096
2023-02-16 11:00:00	16.560625909024747
2023-02-16 12:00:00	17.804794092467418
2023-02-16 13:00:00	19.83631711636837
2023-02-16 14:00:00	20.14365019488802
2023-02-16 15:00:00	20.566897480455644
2023-02-16 16:00:00	20.380207199079116
2023-02-16 17:00:00	20.57916992591144
2023-02-16 18:00:00	19.860923951449106
2023-02-16 19:00:00	20.633415619981793
2023-02-16 20:00:00	20.289528990982262
2023-02-16 21:00:00	20.203398262674387
2023-02-16 22:00:00	20.685745841129595
2023-02-16 23:00:00	20.003533873182786
2023-02-17 00:00:00	19.407215905844712
2023-02-17 00:00:00	18.859130351184852
2023-02-17 01:00:00	19.247270358595728
2023-02-17 02:00:00	18.793178361756826
2023-02-17 03:00:00	18.399507057472555
2023-02-17 04:00:00	17.56074754153734
2023-02-17 05:00:00	16.435687992151138
2023-02-17 06:00:00	16.701390522756444
2023-02-17 07:00:00	16.923795830737276
2023-02-17 08:00:00	17.932564151139413
2023-02-17 09:00:00	18.820936529691274
2023-02-17 10:00:00	18.919624223787956
2023-02-17 11:00:00	18.830660427803775
2023-02-17 12:00:00	19.31971700117916
2023-02-17 13:00:00	20.399120448353564
2023-02-17 14:00:00	20.082108246185573
2023-02-17 15:00:00	20.43376934053367
2023-02-17 16:00:00	21.13151052661988
2023-02-17 17:00:00	21.05161503404012
2023-02-17 18:00:00	20.80822312783523
2023-02-17 19:00:00	20.278036819836355
2023-02-17 20:00:00	20.095160965951262
2023-02-17 21:00:00	19.819077192990253
2023-02-17 22:00:00	19.266807221636576
2023-02-17 23:00:00	18.874014934386366
2023-02-18 00:00:00	14.665378670788254
2023-02-18 00:00:00	18.085333211764965
2023-02-18 01:00:00	16.715951780160733
2023-02-18 02:00:00	16.203372321155506
2023-02-18 03:00:00	16.501116385167606
2023-02-18 04:00:00	17.46248736810468
2023-02-18 05:00:00	18.63585280501687
2023-02-18 06:00:00	19.074837743731624
2023-02-18 07:00:00	19.17872369976236
2023-02-18 08:00:00	19.091201842214545
2023-02-18 09:00:00	19.730704252425546
2023-02-18 10:00:00	19.599450557844897
2023-02-18 11:00:00	20.057511966613482
2023-02-18 12:00:00	21.088061806374803
2023-02-18 13:00:00	21.26645568618148
2023-02-18 14:00:00	20.660523825304157
2023-02-18 15:00:00	20.29859450624664
2023-02-18 16:00:00	20.576190216932368
2023-02-18 17:00:00	20.052281712081278
2023-02-18 18:00:00	19.39668251382286
2023-02-18 19:00:00	18.98639061226134
2023-02-18 20:00:00	18.634666244446205
2023-02-18 21:00:00	18.490650869691063
2023-02-18 22:00:00	17.520999507501777
2023-02-18 23:00:00	16.963368465613875
2023-02-19 00:00:00	15.385007054781916
2023-02-19 00:00:00	18.36385666588085
2023-02-19 01:00:00	19.781238411506617
2023-02-19 02:00:00	19.385000895829602
2023-02-19 03:00:00	19.291384341454133
2023-02-19 04:00:00	19.410249565557486
2023-02-19 05:00:00	18.826582341068672
2023-02-19 06:00:00	19.192414978155654
2023-02-19 07:00:00	19.605739698306813
2023-02-19 08:00:00	19.454036719291448
2023-02-19 09:00:00	19.774969889022714
2023-02-19 10:00:00	19.332100005138866
2023-02-19 11:00:00	19.773742950031334
2023-02-19 12:00:00	19.804979477868986
2023-02-19 13:00:00	19.32452781446744
2023-02-19 14:00:00	18.692185449227296
2023-02-19 15:00:00	18.606172364885246
2023-02-19 16:00:00	18.389099767639856
2023-02-19 17:00:00	18.13922890299871
2023-02-19 18:00:00	17.789699092753278
2023-02-19 19:00:00	16.317342187375434
2023-02-19 20:00:00	16.265290504587206
2023-02-19 21:00:00	16.175748809795966
2023-02-19 22:00:00	16.095695792125138
2023-02-19 23:00:00	15.91527611574628
2023-02-20 00:00:00	16.424472441929534
2023-02-20 00:00:00	16.46366274253084
2023-02-20 01:00:00	17.0052580365682
2023-02-20 02:00:00	17.47095163267466
2023-02-20 03:00:00	18.189903705930032
2023-02-20 04:00:00	19.27473829970153
2023-02-20 05:00:00	19.238537061651133
2023-02-20 06:00:00	19.773534895400466
2023-02-20 07:00:00	19.7947189679157
2023-02-20 08:00:00	19.87484274371079
2023-02-20 09:00:00	19.627401378216096
2023-02-20 10:00:00	19.640530664455564
2023-02-20 11:00:00	19.404547758828784
2023-02-20 12:00:00	19.18049980347304
2023-02-20 13:00:00	18.933518610339124
2023-02-20 14:00:00	18.779325641698716
2023-02-20 15:00:00	18.46086570774447
2023-02-20 16:00:00	18.374837049290072
2023-02-20 17:00:00	18.406212031397654
2023-02-20 18:00:00	18.13121643415831
2023-02-20 19:00:00	17.043493454051415
2023-02-20 20:00:00	16.601108940439936
2023-02-20 21:00:00	16.676368113115146
2023-02-20 22:00:00	16.42753190822697
2023-02-20 23:00:00	16.596429235116652
2023-02-21 00:00:00	17.0900573829899
2023-02-21 00:00:00	17.43873093268244
2023-02-21 01:00:00	18.56622458517534
2023-02-21 02:00:00	19.352944640508444
2023-02-21 03:00:00	19.750848885116067
2023-02-21 04:00:00	20.00305054284496
2023-02-21 05:00:00	20.028770149910446
2023-02-21 06:00:00	20.34209736845614
2023-02-21 07:00:00	19.96474765667708
2023-02-21 08:00:00	20.062435555841976
2023-02-21 09:00:00	20.091499037782054
2023-02-21 10:00:00	19.18714838688172
2023-02-21 11:00:00	19.59397585843392
2023-02-21 12:00:00	19.1113509249267
2023-02-21 13:00:00	18.44868492178086
2023-02-21 14:00:00	17.665065191413145
2023-02-21 15:00:00	16.47124913160036
2023-02-21 16:00:00	16.489874478196185
2023-02-21 17:00:00	16.941735488177404
2023-02-21 18:00:00	17.525190735369364
2023-02-21 19:00:00	18.189936205803644
2023-02-21 20:00:00	18.76588729932717
2023-02-21 21:00:00	19.39780962084613
2023-02-21 22:00:00	19.825051284508536
2023-02-21 23:00:00	20.327610210621287
2023-02-22 00:00:00	19.12862299026578
2023-02-22 00:00:00	20.300058752942896
2023-02-22 01:00:00	20.212028165422552
2023-02-22 02:00:00	20.11951644645925
2023-02-22 03:00:00	20.362300233582232
2023-02-22 04:00:00	19.849150628539046
2023-02-22 05:00:00	19.97083901849325
2023-02-22 06:00:00	20.138314663045943
2023-02-22 07:00:00	19.575822440789153
2023-02-22 08:00:00	19.780053416444098
2023-02-22 09:00:00	19.201283327986133
2023-02-22 10:00:00	18.60277415510769
2023-02-22 11:00:00	18.13527225171902
2023-02-22 12:00:00	17.727642094625768
2023-02-22 13:00:00	17.204886980995074
2023-02-22 14:00:00	17.095727987648935
2023-02-22 15:00:00	17.889839039514847
2023-02-22 16:00:00	18.715631939209125
2023-02-22 17:00:00	19.137281650215346
2023-02-22 18:00:00	19.762390778263207
2023-02-22 19:00:00	19.922577566321927
2023-02-22 20:00:00	21.07354290603954
